"id","title","trim_id","retail_price","p11d_price"
"RC83YJ-2025-GPCEPCE-GPEXPEX-GPJ3PJ3-GPTCPTC-GYOSYOS","Elegance 3.0 TSI eHybrid 381PS 8-Speed Tiptronic 4Motion 5 Door","31706-elegance","71280","71205"
"RC857J-2025-GPCEPCE-GPEXPEX-GPF2PF2-GPJ6PJ6-GPSLPSL-GPTDPTD-GP08P08-GWB4WB4-GYOSYOS-MDAR3S7","Black Edition 3.0 TDI 286PS 8-Speed Tiptronic 4Motion 5 Door","31706-black-edition","72875","71170"
"RC8RZJ-2025-GPCEPCE-GPEXPEX-GPF2PF2-GPJ9PJ9-GPSLPSL-GPTDPTD-GWB4WB4-GWLRWLR-GYOSYOS","R 3.0 TSI eHybrid 462PS 8-Speed Tiptronic 4Motion 5 Door","31706-r","82840","82765"
"E122DD-2025-GYGAYGA-GYGGYGG-MBOW1S3","Pure Essential 52kWh 170PS 1-speed automatic 5 Door","30275-pure-essential","30850","30795"
"E129VP-2025-GPBNPBN-GPJSPJS-GPK5PK5-GWE1WE1-GW60W60-GYGAYGA","GTX Performance 79kWh 326PS 1-speed automatic 5 Door","30275-gtx-performance","46315","46260"
"E123KK-2025-MSNRS25-GW42W42-GYGAYGA","Pro Essential 59kWh 204PS 1-speed automatic 5 Door","30275-pro-essential","35730","35675"
"E124KN-2025-GPK5PK5-GPS1PS1-MSNRS25-MABAUD2-GWE1WE1-GW60W60-GYGAYGA","Pro S Match 77kWh 204PS 1-speed automatic 5 Door","30275-pro-s-match","39930","39875"
"E123KK-2025-GPJBPJB-GPK5PK5-GPS1PS1-MSNRS25-MABAUD2-GWE1WE1-GW60W60-GYGAYGA","Pro Match 59kWh 204PS 1-speed automatic 5 Door","30275-pro-match","36650","36595"
"E122DD-2025-MKSUKA2-GPJBPJB-GPK5PK5-GW50W50-GYGAYGA-GYGGYGG-MZFM0TD-MBOW1S3-MSSH4KF-MLIA8G1","Pure Match 52kWh 170PS 1-speed automatic 5 Door","30275-pure-match","32210","32155"
"E124KN-2025-MSNRS25-GW42W42-GYGAYGA","Pro S Essential 77kWh 204PS 1-speed automatic 5 Door","30275-pro-s-essential","39220","39165"
"E399VP-2025-GPALPAL-GPAZPAZ-GPA5PA5-GPSGPSG-GRD9RD9-GWD9WD9-GW60W60-GYGAYGA-MBOW1S3","GTX Edition 79kWh GTX 4MOTION 340PS 1-speed automatic 5 Door","30297-gtx-edition","53735","53680"
"E393RN-2025-GPAIPAI-GPAYPAY-GPA2PA2-GRD8RD8-MABAUD2-GWD1WD1-GW60W60-GYGAYGA-MBOW1S3-MSDH5I6","Match 77kWh Pro 286PS 1-speed automatic 5 Door","30297-match","45890","45835"
"E392DF-2025-GPAIPAI-GPAYPAY-GPJ7PJ7-GRD8RD8-GWD1WD1-GW05W05-GYGAYGA-GYGGYGG-MBOW1S3-MSSH4KF","Match 52kWh Pure 170PS 1-speed automatic 5 Door","30297-match","41080","41025"
"ED24QM-2025-GPBEPBE-GPBPPBP-GP01P01-GP22P22-GW55W55","Pro S Match 86kWh Pro S 286PS 1-speed automatic 5 Door","30550-pro-s-match","55480","55425"
"ED29PM-2025-GPBFPBF-GPBPPBP-GP01P01-GP36P36-GW55W55","GTX 4MOTION 86kWh GTX 340PS 1-speed automatic 5 Door","30550-gtx-4motion","62010","61955"
"ED23QK-2025-GPBEPBE-GPBPPBP-GP01P01-GP22P22-GW55W55","Pro Match 77kWh Pro 286PS 1-speed automatic 5 Door","30550-pro-match","51580","51525"
"AE13AZ-2025-GPF3PF3-GPI3PI3-GRBPRBP-GWD1WD1-GWLDWLD-GYKMYKM-GYOSYOS","Life 1.0 TSI 95PS 7-speed DSG 5 Door","30205-life","23585","23310"
"AE13GV-2025-GPI3PI3-GRBPRBP-GWD1WD1-GWLDWLD-GYKMYKM-GYOSYOS","Life 1.0 80PS 5-speed Manual 5 Door","30205-life","21210","20935"
"AE13AV-2025-GPF3PF3-GPI3PI3-GRBPRBP-GWD1WD1-GWLDWLD-GYKMYKM-GYOSYOS","Life 1.0 TSI 95PS 5-speed Manual 5 Door","30205-life","22150","21875"
"AE13AV-2025-MKSUKA1-GPF3PF3-GPI7PI7-GRBPRBP-GWD1WD1-GWLDWLD-GW10W10-GYKMYKM-GYOSYOS-MSSH4KF","Match 1.0 TSI 95PS 5-speed Manual 5 Door","30205-match","22840","22565"
"AE13AZ-2025-MKSUKA1-GPF3PF3-GPI7PI7-GRBPRBP-GWD1WD1-GWLDWLD-GW10W10-GYKMYKM-GYOSYOS-MSSH4KF","Match 1.0 TSI 95PS 7-speed DSG 5 Door","30205-match","24275","24000"
"AE15AZ-2025-GPF3PF3-GRBFRBF-GWD1WD1-GWLCWLC-GYKMYKM-GYOSYOS-MSSH4KF-MHKA9AK-MMFA9S0","R-Line 1.0 TSI 95PS 7-speed DSG 5 Door","30205-r-line","25985","25710"
"AE15BZ-2025-GPF3PF3-GRBFRBF-GWD1WD1-GWLCWLC-GYKMYKM-GYOSYOS-MSSH4KF-MHKA9AK-MMFA9S0","R-Line 1.0 TSI 115PS 7-speed DSG 5 Door","30205-r-line","27210","26935"
"AE15AV-2025-GPF3PF3-GRBFRBF-GWD1WD1-GWLCWLC-GYKMYKM-GYOSYOS-MSSH4KF-MHKA9AK-MMFA9S0","R-Line 1.0 TSI 95PS 5-speed Manual 5 Door","30205-r-line","24550","24275"
"AE19UZ-2025-GPDBPDB-GPF3PF3-GRBFRBF-GWD1WD1-GWLDWLD-GYKMYKM-GYOSYOS-MSSH4KF-MHKA9AK-MMFA9S0","GTI 2.0 TSI 207PS 7-speed DSG 5 Door","30205-gti","30430","30105"
"AE14AV-2025-GPF3PF3-GPI5PI5-GRBFRBF-GWD1WD1-GWLDWLD-GYKMYKM-GYOSYOS-MHKA9AK-MMFA9S0","Style 1.0 TSI 95PS 5-speed Manual 5 Door","30205-style","24550","24275"
"AE15BZ-2025-GPDRPDR-GPF3PF3-GPJEPJE-GPXAPXA-GRBFRBF-GWD1WD1-GWLDWLD-GW65W65-GYKMYKM-GYOSYOS-MSIH4A3-MHKA9AK-MMFA9S0","Black Edition 1.0 TSI 115PS 7-speed DSG 5 Door","30205-black-edition","27710","27435"
"E219VN-2025-GPALPAL-GPAZPAZ-GPA5PA5-GPSGPSG-GRD9RD9-GWD9WD9-GW60W60-GYGAYGA","GTX Edition 77kWh GTX 4MOTION 340PS 1-speed automatic 5 Door","30290-gtx-edition","52235","52180"
"E213RN-2025-GPAIPAI-GPAYPAY-GPA2PA2-GPJ8PJ8-GRD8RD8-MABAUD2-GWD1WD1-GW60W60-GYGAYGA-MSDH5I6","Match 77kWh Pro 286PS 1-speed automatic 5 Door","30290-match","44390","44335"
"E213QN-2025-GPAIPAI-GPAYPAY-GPA2PA2-GPJ8PJ8-GRD8RD8-MABAUD2-GWD1WD1-GW60W60-GYGAYGA-MSDH5I6","Match 77kWh Pro 4MOTION 286PS 1-speed automatic 5 Door","30290-match","46110","46055"
"E212DF-2025-GPAIPAI-GPAYPAY-GPJ7PJ7-GRD8RD8-GWD1WD1-GW05W05-GYGAYGA-GYGGYGG-MSSH4KF","Match 52kWh Pure 170PS 1-speed automatic 5 Door","30290-match","39580","39525"
"ED59PM-2025-GPBFPBF-GPBPPBP-GP01P01-GP36P36-GW55W55","GTX 4MOTION 86kWh GTX 340PS 1-speed automatic 5 Door","30560-gtx-4motion","62700","62645"
"ED53QK-2025-GPBEPBE-GPBPPBP-GP01P01-GP22P22-GW55W55","Pro Match 77kWh Pro 286PS 1-speed automatic 5 Door","30560-pro-match","52270","52215"
"ED54QM-2025-GPBEPBE-GPBPPBP-GP01P01-GP22P22-GW55W55","Pro S Match 86kWh Pro S 286PS 1-speed automatic 5 Door","30560-pro-s-match","56170","56115"
"DA1RPT-2025-MAAUE40-GPF2PF2-GPG4PG4-GPK2PK2-GRDARDA-GWW1WW1-GW4AW4A-GW7AW7A-GYBPYBP-GYOSYOS","R Black Edition 2.0 TSI 4Motion 333ps 7-Speed DSG 5 Door","30602-r-black-edition","45785","44635"
"DA1RPT-2025-GPF2PF2-GPG4PG4-GPK2PK2-GPXDPXD-GRDARDA-GWW1WW1-GYOSYOS","R 2.0 TSI 4Motion 333ps 7-Speed DSG 5 Door","30602-r","44535","43385"
"DA13BX-2025-GPG4PG4-GPLAPLA-GPU2PU2-GRDARDA-GYOSYOS","Life 1.5 TSI 115ps 6-Speed Manual 5 Door","30602-life","27760","27485"
"DA13EM-2025-MKSUKA2-GPG4PG4-GPI1PI1-GPK2PK2-GPLDPLD-GRDARDA-GW20W20-GYOSYOS-MSSH4KF","Match 1.5 eTSI 150ps 7-Speed DSG 5 Door","30602-match","30665","30400"
"DA132X-2025-MKSUKA2-GPG4PG4-GPI1PI1-GPK1PK1-GPLDPLD-GPU2PU2-GRDARDA-GW20W20-GYOSYOS-MSSH4KF","Match 2.0 TDI 115ps 6-Speed Manual 5 Door","30602-match","29730","29455"
"DA13EX-2025-MKSUKA2-GPG4PG4-GPI1PI1-GPK1PK1-GPLDPLD-GPU2PU2-GRDARDA-GW20W20-GYOSYOS-MSSH4KF","Match 1.5 TSI 150ps 6-Speed Manual 5 Door","30602-match","29075","28800"
"DA13HY-2025-MKSUKA2-GPG4PG4-GPK2PK2-GPLDPLD-GRDARDA-GW20W20-GYOSYOS-MSSH4KF","Match 1.5 TSI eHybrid 204ps 6-Speed DSG 5 Door","30602-match","36140","36085"
"DA13BX-2025-MKSUKA2-GPG4PG4-GPI1PI1-GPK1PK1-GPLDPLD-GPU2PU2-GRDARDA-GW20W20-GYOSYOS-MSSH4KF","Match 1.5 TSI 115ps 6-Speed Manual 5 Door","30602-match","27935","27660"
"DA19VZ-2025-GPF2PF2-GPG4PG4-GPK2PK2-GPLAPLA-GPXDPXD-GRDARDA-GWW1WW1-GYOSYOS","GTI Clubsport 2.0 TSI 300ps 7-Speed DSG 5 Door","30602-gti-clubsport","42780","42045"
"DA15EM-2025-GPG4PG4-GPLAPLA-GRDARDA-GYOSYOS","R-Line 1.5 eTSI 150ps 7-Speed DSG 5 Door","30602-r-line","32690","32425"
"DA15EX-2025-GPG4PG4-GPLAPLA-GRDARDA-GYOSYOS","R-Line 1.5 TSI 150ps 6-Speed Manual 5 Door","30602-r-line","31100","30825"
"DA157Z-2025-GPG4PG4-GPLAPLA-GRDARDA-GYOSYOS","R-Line 2.0 TDI 150ps 7-Speed DSG 5 Door","30602-r-line","34500","34225"
"DA14BM-2025-GPF2PF2-GPG4PG4-GPLDPLD-GRDARDA-GYOSYOS","Style 1.5 eTSI 115ps 7-Speed DSG 5 Door","30602-style","31010","30745"
"DA14HY-2025-GPF2PF2-GPG4PG4-GPLDPLD-GRDARDA-GYOSYOS","Style 1.5 TSI eHybrid 204ps 6-Speed DSG 5 Door","30602-style","37165","37110"
"DA14EM-2025-GPF2PF2-GPG4PG4-GPLDPLD-GRDARDA-GYOSYOS","Style 1.5 eTSI 150ps 7-Speed DSG 5 Door","30602-style","32150","31885"
"DA14EX-2025-GPF1PF1-GPG4PG4-GPLDPLD-GRDARDA-GYOSYOS","Style 1.5 TSI 150ps 6-Speed Manual 5 Door","30602-style","30560","30285"
"DA16JY-2025-GPF2PF2-GPG4PG4-GPK2PK2-GPLAPLA-GPXDPXD-GRDARDA-GWW1WW1-GYOSYOS","GTE 1.5 TSI 272ps 6-Speed DSG 5 Door","30602-gte","40330","40275"
"DA19ZZ-2025-GPF2PF2-GPG4PG4-GPJ6PJ6-GPK2PK2-GPLAPLA-GPXDPXD-GRDARDA-GWW1WW1-GYOSYOS","GTI 2.0 TSI 265ps 7-Speed DSG 5 Door","30602-gti","40025","39290"
"DA15EX-2025-GPG4PG4-GPJ5PJ5-GPLAPLA-GRDARDA-GWBTWBT-GWW1WW1-GW7AW7A-GYOSYOS","Black Edition 1.5 TSI 150ps 6-Speed Manual 5 Door","30602-black-edition","32100","31825"
"DA15EM-2025-GPG4PG4-GPJ5PJ5-GPLAPLA-GRDARDA-GWBTWBT-GWW1WW1-GW7AW7A-GYOSYOS","Black Edition 1.5 eTSI 150ps 7-Speed DSG 5 Door","30602-black-edition","33690","33425"
"DA157Z-2025-GPG4PG4-GPJ5PJ5-GPLAPLA-GRDARDA-GWBTWBT-GWW1WW1-GW7AW7A-GYOSYOS","Black Edition 2.0 TDI 150ps 7-Speed DSG 5 Door","30602-black-edition","35500","35225"
"AC83LE-2025-GRBFRBF-GWD1WD1-GWWCWWC-GW99W99-GYOSYOS-MLOR7P1","Style 1.5 TSI 150PS 7-speed DSG 2 Door","30372-style","38620","38295"
"AC83LD-2025-GRBFRBF-GWD1WD1-GWWCWWC-GW99W99-GYOSYOS-MLOR7P1","Style 1.5 TSI 150PS 6-speed Manual 2 Door","30372-style","36920","36595"
"AC83AX-2025-GRBFRBF-GWD1WD1-GWWCWWC-GW99W99-GYOSYOS-MLOR7P1","Style 1.0 TSI 115PS 6-speed Manual 2 Door","30372-style","35405","35080"
"AC85LD-2025-GPXBPXB-GRBFRBF-GWD1WD1-GWWDWWD-GW99W99-GYOSYOS","R-Line 1.5 TSI 150PS 6-speed Manual 2 Door","30372-r-line","39540","39215"
"AC85LE-2025-GPXBPXB-GRBFRBF-GWD1WD1-GWWDWWD-GW99W99-GYOSYOS","R-Line 1.5 TSI 150PS 7-speed DSG 2 Door","30372-r-line","41240","40915"
"R413ZY-2025-GPDAPDA-GPE4PE4-GPJEPJE-GRBARBA-GWN3WN3-GW01W01-GYOSYOS-MDEI3FU","Match 1.5 TSI eHybrid 204PS 6-Speed DSG 5 Door","31150-match","44405","44350"
"R414BM-2025-GPFBPFB-GPG4PG4-GPJHPJH-GRBARBA-GWN3WN3-GYOSYOS","Elegance 1.5 eTSI 150PS 7-Speed DSG 5 Door","31150-elegance","42420","42105"
"R4144Z-2025-GPFBPFB-GPG4PG4-GPJHPJH-GRBARBA-GWN3WN3-GYOSYOS","Elegance 2.0 TDI 150PS 7-Speed DSG 5 Door","31150-elegance","43620","43295"
"R414ZY-2025-GPFBPFB-GPJHPJH-GRBARBA-GWN3WN3-GYOSYOS","Elegance 1.5 TSI eHybrid 204PS 6-Speed DSG 5 Door","31150-elegance","46475","46420"
"R415ZY-2025-GPE4PE4-GPJMPJM-GRBARBA-GWN3WN3-GWW2WW2-GW01W01-GYOSYOS-MDEI3FU","R-Line Edition 1.5 TSI eHybrid 204PS 6-Speed DSG 5 Door","31150-r-line-edition","47380","47325"
"R415YY-2025-GPE4PE4-GPJMPJM-GRBARBA-GWN3WN3-GWW2WW2-GW01W01-GYOSYOS-MDEI3FU","R-Line Edition 1.5 TSI eHybrid 272PS 6-Speed DSG 5 Door","31150-r-line-edition","50100","50045"
"R415ST-2025-GPG4PG4-GRBARBA-GWD1WD1-GWN3WN3-GWW2WW2-GYOSYOS","R-Line 2.0 TSI 265PS 7-speed DSG 4Motion 5 Door","31150-r-line","50670","48965"
"R4154Z-2025-GPG4PG4-GPJKPJK-GRBARBA-GWD1WD1-GWN3WN3-GWW2WW2-GYOSYOS","R-Line 2.0 TDI 150PS 7-Speed DSG 5 Door","31150-r-line","44025","43700"
"R415ZY-2025-GPJKPJK-GRBARBA-GWD1WD1-GWN3WN3-GWW2WW2-GYOSYOS","R-Line 1.5 TSI eHybrid 204PS 6-Speed DSG 5 Door","31150-r-line","46880","46825"
"R415PT-2025-GPG4PG4-GPJKPJK-GRBARBA-GWD1WD1-GWN3WN3-GWW2WW2-GYOSYOS","R-Line 2.0 TSI 204PS 7-speed DSG 4Motion 5 Door","31150-r-line","48055","46905"
"R415YY-2025-GPJKPJK-GRBARBA-GWD1WD1-GWN3WN3-GWW2WW2-GYOSYOS","R-Line 1.5 TSI eHybrid 272PS 6-Speed DSG 5 Door","31150-r-line","49600","49545"
"R415BM-2025-GPG4PG4-GPJKPJK-GRBARBA-GWD1WD1-GWN3WN3-GWW2WW2-GYOSYOS","R-Line 1.5 eTSI 150PS 7-Speed DSG 5 Door","31150-r-line","42825","42510"
"R413BM-2025-GPG4PG4-GPJCPJC-GRBARBA-GWD1WD1-GWN3WN3-GYOSYOS","Life 1.5 eTSI 150PS 7-Speed DSG 5 Door","31150-life","39850","39535"
"R413ZY-2025-GPJCPJC-GRBARBA-GWD1WD1-GWN3WN3-GYOSYOS","Life 1.5 TSI eHybrid 204PS 6-Speed DSG 5 Door","31150-life","43905","43850"
"R4134Z-2025-GPG4PG4-GPJCPJC-GRBARBA-GWD1WD1-GWN3WN3-GYOSYOS","Life 2.0 TDI 150PS 7-Speed DSG 5 Door","31150-life","41050","40725"
"CS13BZ-2025-GPF2PF2-GPF3PF3-GPJAPJA-GWD1WD1-GWLAWLA-GYGDYGD-GYKMYKM-GYOSYOS-GZBPZBP","Life 1.0 TSI 115PS 7-speed DSG 5 Door","30260-life","26980","26705"
"CS13BX-2025-GPF2PF2-GPF3PF3-GPJAPJA-GWD1WD1-GWLAWLA-GYGDYGD-GYKMYKM-GYOSYOS-GZBPZBP","Life 1.0 TSI 115PS 6-speed Manual 5 Door","30260-life","25385","25110"
"CS13AV-2025-GPF2PF2-GPF3PF3-GPJAPJA-GWD1WD1-GWLAWLA-GYGDYGD-GYKMYKM-GYOSYOS-GZBPZBP","Life 1.0 TSI 95PS 5-speed Manual 5 Door","30260-life","24550","24275"
"CS15BZ-2025-GPDEPDE-GPDRPDR-GPF2PF2-GPF3PF3-GPSBPSB-GPXAPXA-GWD1WD1-GWLBWLB-GW65W65-GYGDYGD-GYKMYKM-GYOSYOS-GZBFZBF-MSIH4A3","Black Edition 1.0 TSI 115PS 7-speed DSG 5 Door","30260-black-edition","31365","31090"
"CS15BX-2025-GPDEPDE-GPDRPDR-GPF2PF2-GPF3PF3-GPSBPSB-GPXAPXA-GWD1WD1-GWLBWLB-GW65W65-GYGDYGD-GYKMYKM-GYOSYOS-GZBFZBF-MSIH4A3","Black Edition 1.0 TSI 115PS 6-speed Manual 5 Door","30260-black-edition","29770","29495"
"CS15PZ-2025-GPDEPDE-GPDRPDR-GPF2PF2-GPF3PF3-GPSBPSB-GPXAPXA-GWD1WD1-GWLBWLB-GW65W65-GYGDYGD-GYKMYKM-GYOSYOS-GZBFZBF-MSIH4A3","Black Edition 1.5 TSI 150PS 7-speed DSG 5 Door","30260-black-edition","32855","32530"
"CS14BZ-2025-GPF2PF2-GPF3PF3-GWD1WD1-GWLBWLB-GYGDYGD-GYKMYKM-GYOSYOS-GZBFZBF","Style 1.0 TSI 115PS 7-speed DSG 5 Door","30260-style","29920","29645"
"CS15PZ-2025-GPDEPDE-GPF2PF2-GPF3PF3-GWD1WD1-GWLAWLA-GYGDYGD-GYKMYKM-GYOSYOS-GZBFZBF","R-Line 1.5 TSI 150PS 7-speed DSG 5 Door","30260-r-line","32370","32045"
"CS15BZ-2025-GPDEPDE-GPF2PF2-GPF3PF3-GWD1WD1-GWLAWLA-GYGDYGD-GYKMYKM-GYOSYOS-GZBFZBF","R-Line 1.0 TSI 115PS 7-speed DSG 5 Door","30260-r-line","30875","30600"
"CS13AV-2025-MKSUKA1-GPF2PF2-GPF3PF3-GPJJPJJ-GWD1WD1-GWLAWLA-GW02W02-GYGDYGD-GYKMYKM-GYOSYOS-GZBPZBP-MTKV4F2-MSSH4KF","Match 1.0 TSI 95PS 5-speed Manual 5 Door","30260-match","24725","24450"
"CS13BX-2025-MKSUKA1-GPF2PF2-GPF3PF3-GPJJPJJ-GWD1WD1-GWLAWLA-GW02W02-GYGDYGD-GYKMYKM-GYOSYOS-GZBPZBP-MTKV4F2-MSSH4KF","Match 1.0 TSI 115PS 6-speed Manual 5 Door","30260-match","25560","25285"
"CS13BZ-2025-MKSUKA1-GPF2PF2-GPF3PF3-GPJJPJJ-GWD1WD1-GWLAWLA-GW02W02-GYGDYGD-GYKMYKM-GYOSYOS-GZBPZBP-MTKV4F2-MSSH4KF","Match 1.0 TSI 115PS 7-speed DSG 5 Door","30260-match","27155","26880"
"5T14CZ-2025-GPDAPDA-GPF6PF6-GPGAPGA-GPJBPJB-GPSNPSN-GRBDRBD-GWD3WD3-GYOSYOS-MAUD9WJ","SEL 1.5 TSI 150PS 7-speed DSG 5 Door","31005-sel","40805","40480"
"5T13CX-2025-MKSUKA1-GPE7PE7-GPF5PF5-GPGAPGA-GPI4PI4-GPSNPSN-GRBDRBD-GWD3WD3-GWLMWLM-GWWEWWE-GWYGWYG-GW21W21-GYOSYOS-MDAR3S1","Match 1.5 TSI 150PS 6-speed Man 5 Door","31005-match","39960","39635"
"5T13CZ-2025-MKSUKA1-GPE7PE7-GPF6PF6-GPGAPGA-GPI4PI4-GPSNPSN-GRBDRBD-GWD3WD3-GWLMWLM-GWWEWWE-GWYGWYG-GW21W21-GYOSYOS-MDAR3S1","Match 1.5 TSI 150PS 7-speed DSG 5 Door","31005-match","41260","40935"
"5T14CZ-2025-GPDAPDA-GPF6PF6-GPGAPGA-GPI3PI3-GPSNPSN-GRBDRBD-GWD3WD3-GW08W08-GYOSYOS-MAUD9WJ","R-Line 1.5 TSI 150PS 7-speed DSG 5 Door","31005-r-line","42285","41550"
"DB556Z-2025-GPG4PG4-GPLAPLA-GRDARDA-GYOSYOS","R-Line 2.0 TDI 150ps 7-Speed DSG 5 Door","30652-r-line","35935","35660"
"DB55EX-2025-GPG4PG4-GPLAPLA-GRDARDA-GYOSYOS","R-Line 1.5 TSI 150ps 6-Speed Manual 5 Door","30652-r-line","32535","32260"
"DB55EM-2025-GPG4PG4-GPLAPLA-GRDARDA-GYOSYOS","R-Line 1.5 eTSI 150ps 7-Speed DSG 5 Door","30652-r-line","34125","33860"
"DB5RPT-2025-GPF2PF2-GPG4PG4-GPK2PK2-GPXDPXD-GRDARDA-GWW1WW1-GYOSYOS","R 2.0 TSI 4Motion 333ps 7-Speed DSG 5 Door","30652-r","45970","44820"
"DB53EM-2025-GPG4PG4-GPLAPLA-GRDARDA-GYOSYOS","Life 1.5 eTSI 150ps 7-Speed DSG 5 Door","30652-life","31915","31650"
"DB53BM-2025-GPG4PG4-GPLAPLA-GRDARDA-GYOSYOS","Life 1.5 eTSI 115ps 7-Speed DSG 5 Door","30652-life","30785","30520"
"DB53BX-2025-GPG4PG4-GPLAPLA-GPU2PU2-GRDARDA-GYOSYOS","Life 1.5 TSI 115ps 6-Speed Manual 5 Door","30652-life","29195","28920"
"DB532X-2025-GPG4PG4-GPLAPLA-GPU2PU2-GRDARDA-GYOSYOS","Life 2.0 TDI 115ps 6-Speed Manual 5 Door","30652-life","30990","30715"
"DB53EX-2025-GPG4PG4-GPLAPLA-GPU2PU2-GRDARDA-GYOSYOS","Life 1.5 TSI 150ps 6-Speed Manual 5 Door","30652-life","30325","30050"
"DB54EX-2025-GPF1PF1-GPG4PG4-GPLDPLD-GRDARDA-GYOSYOS","Style 1.5 TSI 150ps 6-Speed Manual 5 Door","30652-style","31995","31720"
"DB54EM-2025-GPF2PF2-GPG4PG4-GPLDPLD-GRDARDA-GYOSYOS","Style 1.5 eTSI 150ps 7 Speed DSG 5 Door","30652-style","33585","33320"
"DB546Z-2025-GPF2PF2-GPG4PG4-GPLDPLD-GRDARDA-GYOSYOS","Style 2.0 TDI 150ps 7-Speed DSG 5 Door","30652-style","35390","35115"
"CJ53YY-2025-GPE4PE4-GPJBPJB-GRBTRBT-GW15W15-GYOSYOS","Life 1.5 TSI eHybrid 204PS 6-speed DSG","31355-life","44335","44280"
"CJ53DZ-2025-GPE4PE4-GPJBPJB-GRBTRBT-GW15W15-GYOSYOS","Life 1.5 eTSI 150PS 7-speed DSG","31355-life","39610","39345"
"CJ55XY-2025-GW15W15-GW16W16-GYKMYKM-GYOSYOS","R-Line 1.5 TSI eHybrid 272PS 6-speed DSG","31355-r-line","51200","51145"
"CJ55YY-2025-GW15W15-GW16W16-GYKMYKM-GYOSYOS","R-Line 1.5 TSI eHybrid 204PS 6-speed DSG","31355-r-line","48680","48625"
"CJ55DZ-2025-GPDDPDD-GW15W15-GW16W16-GYKMYKM-GYOSYOS","R-Line 1.5 eTSI 150PS 7-speed DSG","31355-r-line","43955","43690"
"CJ55MZ-2025-GPDDPDD-GW15W15-GW16W16-GYKMYKM-GYOSYOS","R-Line 2.0 TSI 204PS 7-speed DSG","31355-r-line","47035","46300"
"CJ54YY-2025-GPGWPGW-GW15W15-GYKMYKM-GYOSYOS-MDEI3FU","Elegance 1.5 TSI eHybrid 204PS 6-speed DSG","31355-elegance","47430","47375"
"CJ54DZ-2025-GPGWPGW-GW15W15-GYKMYKM-GYOSYOS-MDEI3FU","Elegance 1.5 eTSI 150PS 7-speed DSG","31355-elegance","42705","42440"
"CJ54XY-2025-GPGWPGW-GW15W15-GYKMYKM-GYOSYOS-MDEI3FU","Elegance 1.5 TSI eHybrid 272PS 6-speed DSG","31355-elegance","50150","50095"
"BJ250Z-2024-GPDAPDA-GPFCPFC-GPG4PG4-GPJTPJT-GPSFPSF-GRBDRBD-GWN3WN3-GWW1WW1-GYOSYOS-MVTV9IJ","R-Line 2.0 TDI 150PS 7-Speed DSG 5 Door","31160-r-line","45120","44385"
"BJ256T-2024-GPFCPFC-GPG4PG4-GPJTPJT-GPSFPSF-GRBDRBD-GWN3WN3-GWW1WW1-GYOSYOS-MVTV9IJ","R-Line 2.0 TDI 4Motion 193PS 7-Speed DSG 5 Door","31160-r-line","48885","47735"
"BJ25CZ-2024-GPDAPDA-GPFCPFC-GPG4PG4-GPJTPJT-GPSFPSF-GRBDRBD-GWN3WN3-GWW1WW1-GYOSYOS-MVTV9IJ","R-Line 1.5 TSI 150PS 7-Speed DSG 5 Door","31160-r-line","42575","41840"
"BJ25YT-2024-GPFCPFC-GPG4PG4-GPJTPJT-GRBDRBD-GWDDWDD-GWN3WN3-GWW1WW1-GYOSYOS-MVTV9IJ","R-Line 2.0 TSI 4Motion 245PS 7-Speed DSG 5 Door","31160-r-line","49410","47705"
"BJ25UT-2024-GPFCPFC-GPG4PG4-GPJTPJT-GPSFPSF-GRBDRBD-GWN3WN3-GWW1WW1-GYOSYOS-MVTV9IJ","R-Line 2.0 TSI 4Motion 190PS 7-Speed DSG 5 Door","31160-r-line","46180","45030"
"BJ24UT-2024-GPE4PE4-GPFAPFA-GPG4PG4-GPJGPJG-GPS2PS2-GPXCPXC-GRBDRBD-GWN3WN3-GWW1WW1-GYOSYOS-MLRA2FT-MVTV9IJ","Elegance 2.0 TSI 4Motion 190PS 7-Speed DSG 5 Door","31160-elegance","45665","44515"
"BJ24CZ-2024-GPDAPDA-GPE4PE4-GPFAPFA-GPG4PG4-GPJGPJG-GPS2PS2-GPXCPXC-GRBDRBD-GWN3WN3-GWW1WW1-GYOSYOS-MLRA2FT-MVTV9IJ","Elegance 1.5 TSI 150PS 7-Speed DSG 5 Door","31160-elegance","42060","41325"
"BJ240Z-2024-GPDAPDA-GPE4PE4-GPFAPFA-GPG4PG4-GPJGPJG-GPS2PS2-GPXCPXC-GRBDRBD-GWN3WN3-GWW1WW1-GYOSYOS-MLRA2FT-MVTV9IJ","Elegance 2.0 TDI 150PS 7-Speed DSG 5 Door","31160-elegance","44605","43870"
"BJ230Z-2024-GPG4PG4-GPJQPJQ-GRBDRBD-GWN3WN3-GYOSYOS-MVTV9IJ-MAUD9WJ","Life 2.0 TDI 150PS 7-Speed DSG 5 Door","31160-life","41125","40390"
"BJ23CZ-2024-GPG4PG4-GPJQPJQ-GRBDRBD-GWN3WN3-GYOSYOS-MVTV9IJ-MAUD9WJ","Life 1.5 TSI 150PS 7-Speed DSG 5 Door","31160-life","38580","37845"
"BJ23CX-2024-GPG4PG4-GPJQPJQ-GRBDRBD-GWN2WN2-GYOSYOS-MVTV9IJ-MAUD9WJ","Life 1.5 TSI 150PS 6-Speed Manual 5 Door","31160-life","36955","36220"
"D315PZ-2025-GPDEPDE-GPF3PF3-GPLAPLA-GPSHPSH-GWD1WD1-GYKMYKM-GYOSYOS-GZBDZBD","R-Line 1.5 TSI 150PS 7-speed DSG 5 Door","30251-r-line","32595","32270"
"D315BZ-2025-GPDEPDE-GPF3PF3-GPLAPLA-GPSHPSH-GWD1WD1-GYKMYKM-GYOSYOS-GZBDZBD","R-Line 1.0 TSI 115PS 7-speed DSG 5 Door","30251-r-line","31095","30770"
"D315BX-2025-GPDEPDE-GPF3PF3-GPLAPLA-GPSHPSH-GWD1WD1-GYKMYKM-GYOSYOS-GZBDZBD","R-Line 1.0 TSI 115PS 6-speed Manual 5 Door","30251-r-line","29485","29210"
"D315BX-2025-GPDEPDE-GPF3PF3-GPLCPLC-GPSBPSB-GPSHPSH-GPXAPXA-GWD1WD1-GW51W51-GYKMYKM-GYOSYOS-GZBDZBD","Black Edition 1.0 TSI 115PS 6-speed Manual 5 Door","30251-black-edition","29985","29710"
"D315BZ-2025-GPDEPDE-GPF3PF3-GPLCPLC-GPSBPSB-GPSHPSH-GPXAPXA-GWD1WD1-GW51W51-GYKMYKM-GYOSYOS-GZBDZBD","Black Edition 1.0 TSI 115PS 7-speed DSG 5 Door","30251-black-edition","31595","31270"
"D315PZ-2025-GPDEPDE-GPF3PF3-GPLCPLC-GPSBPSB-GPSHPSH-GPXAPXA-GWD1WD1-GW51W51-GYKMYKM-GYOSYOS-GZBDZBD","Black Edition 1.5 TSI 150PS 7-speed DSG 5 Door","30251-black-edition","33095","32770"
"D314PZ-2025-GPF3PF3-GPLCPLC-GWD1WD1-GYKMYKM-GYOSYOS-GZBDZBD","Style 1.5 TSI 150PS 7-speed DSG 5 Door","30251-style","31660","31335"
"D314BZ-2025-GPF3PF3-GPLCPLC-GWD1WD1-GYKMYKM-GYOSYOS-GZBDZBD","Style 1.0 TSI 115PS 7-speed DSG 5 Door","30251-style","30210","29885"
"D314BX-2025-GPF3PF3-GPLCPLC-GWD1WD1-GYKMYKM-GYOSYOS-GZBDZBD","Style 1.0 TSI 115PS 6-speed Manual 5 Door","30251-style","28550","28275"
"D313BZ-2025-MKSUKA1-GPF3PF3-GPJ3PJ3-GPLAPLA-GWD1WD1-GW08W08-GYKMYKM-GYOSYOS-GZBBZBB-MTKV4F2-MSSH4KF","Match 1.0 TSI 115PS 7-speed DSG 5 Door","30251-match","27575","27250"
"D313AV-2025-MKSUKA1-GPF3PF3-GPJ3PJ3-GPLAPLA-GWD1WD1-GW08W08-GYKMYKM-GYOSYOS-GZBBZBB-MTKV4F2-MSSH4KF","Match 1.0 TSI 95PS 5-speed Manual 5 Door","30251-match","25070","24795"
"D313BX-2025-MKSUKA1-GPF3PF3-GPJ3PJ3-GPLAPLA-GWD1WD1-GW08W08-GYKMYKM-GYOSYOS-GZBBZBB-MTKV4F2-MSSH4KF","Match 1.0 TSI 115PS 6-speed Manual 5 Door","30251-match","25915","25640"
"D313BX-2025-GPF3PF3-GPLAPLA-GWD1WD1-GYKMYKM-GYOSYOS-GZBBZBB","Life 1.0 TSI 115PS 6-speed Manual 5 Door","30251-life","25740","25465"
"D313AV-2025-GPF3PF3-GPLAPLA-GWD1WD1-GYKMYKM-GYOSYOS-GZBBZBB","Life 1.0 TSI 95PS 5-speed Manual 5 Door","30251-life","24895","24620"
"D313BZ-2025-GPF3PF3-GPLAPLA-GWD1WD1-GYKMYKM-GYOSYOS-GZBBZBB","Life 1.0 TSI 115PS 7-speed DSG 5 Door","30251-life","27350","27075"
"D113LE-2025-MKSUKA1-GPJCPJC-GRBPRBP-GWD1WD1-GWFGWFG-GW61W61-GYOSYOS-MBOW1S1-MTKV4F2-MSSH4KF-MLOR7P4","Match 1.5 TSI 150PS 7-speed DSG 5 Door","30360-match","32530","32205"
"D113AX-2025-MKSUKA1-GPJCPJC-GRBPRBP-GWD1WD1-GWFFWFF-GW61W61-GYOSYOS-MBOW1S1-MTKV4F2-MSSH4KF-MLOR7P4","Match 1.0 TSI 115PS 6-speed Manual 5 Door","30360-match","29220","28895"
"D113LD-2025-MKSUKA1-GPJCPJC-GRBPRBP-GWD1WD1-GWFFWFF-GW61W61-GYOSYOS-MBOW1S1-MTKV4F2-MSSH4KF-MLOR7P4","Match 1.5 TSI 150PS 6-speed Manual 5 Door","30360-match","30790","30465"
"D113AX-2025-GRBPRBP-GWD1WD1-GWFFWFF-GYOSYOS-MBOW1S1-MLOR7P4","Life 1.0 TSI 115PS 6-speed Manual 5 Door","30360-life","29045","28720"
"D113LE-2025-GRBPRBP-GWD1WD1-GWFGWFG-GYOSYOS-MBOW1S1-MLOR7P4","Life 1.5 TSI 150PS 7-speed DSG 5 Door","30360-life","32355","32030"
"D113LD-2025-GRBPRBP-GWD1WD1-GWFFWFF-GYOSYOS-MBOW1S1-MLOR7P4","Life 1.5 TSI 150PS 6-speed Manual 5 Door","30360-life","30615","30290"
"D11RYT-2025-GRBFRBF-GWD1WD1-GWFFWFF-GYOSYOS-MBOW1S1-MTKV4F2","R 2.0 TSI 4Motion 300PS 7-speed DSG 5 Door","30360-r","43740","42035"
"D115LD-2025-GPDSPDS-GRBFRBF-GWD1WD1-GWFFWFF-GWW3WW3-GYOSYOS-MBOW1S1","R-Line 1.5 TSI 150PS 6-speed Manual 5 Door","30360-r-line","35245","34920"
"D1156Z-2025-GPDSPDS-GRBFRBF-GWD1WD1-GWFFWFF-GWW3WW3-GYOSYOS-MBOW1S1","R-Line 2.0 TDI 150PS 7-speed DSG 5 Door","30360-r-line","39715","39390"
"D115ST-2025-GPDSPDS-GRBFRBF-GWD1WD1-GWFFWFF-GWW3WW3-GYOSYOS-MBOW1S1","R-Line 2.0 TSI 4Motion 190PS 7-speed DSG 5 Door","30360-r-line","40245","39510"
"D115LE-2025-GPDSPDS-GRBFRBF-GWD1WD1-GWFFWFF-GWW3WW3-GYOSYOS-MBOW1S1","R-Line 1.5 TSI 150PS 7-speed DSG 5 Door","30360-r-line","36985","36660"
"D114LE-2025-GRBFRBF-GWD1WD1-GWFGWFG-GYOSYOS-MBOW1S1","Style 1.5 TSI 150PS 7-speed DSG 5 Door","30360-style","35295","34970"
"D114AX-2025-GRBFRBF-GWD1WD1-GWFFWFF-GYOSYOS-MBOW1S1","Style 1.0 TSI 115PS 6-speed Manual 5 Door","30360-style","31985","31660"
"D114LD-2025-GRBFRBF-GWD1WD1-GWFFWFF-GYOSYOS-MBOW1S1","Style 1.5 TSI 150PS 6-speed Manual 5 Door","30360-style","33555","33230"
"D115LE-2025-GPDSPDS-GPXCPXC-GRBFRBF-GWBTWBT-GWD1WD1-GWFFWFF-GWW3WW3-GW73W73-GYOSYOS-MBOW1S1","Black Edition 1.5 TSI 150PS 7-speed DSG 5 Door","30360-black-edition","37985","37660"
"D115LD-2025-GPDSPDS-GPXCPXC-GRBFRBF-GWBTWBT-GWD1WD1-GWFFWFF-GWW3WW3-GW73W73-GYOSYOS-MBOW1S1","Black Edition 1.5 TSI 150PS 6-speed Manual 5 Door","30360-black-edition","36245","35920"
"D11RYT-2025-MKSUKA1-GPE2PE2-GPJKPJK-GRBFRBF-GWBSWBS-GWFFWFF-GWW3WW3-GW81W81-GYOSYOS-MBOW1S1-MDEI3FU","R Black Edition 2.0 TSI 4Motion 300PS 7-speed DSG 5 Door","30360-r-black-edition","44990","43285"
"CT134Z-2025-GPJNPJN-GRBFRBF-GWN3WN3-GYOSYOS","Life 2.0 TDI 150PS 7-Speed DSG 5 Door","31102-life","38950","38625"
"CT13BM-2025-GPJNPJN-GRBFRBF-GWN3WN3-GYOSYOS","Life 1.5 eTSI 150PS 7-Speed DSG 5 Door","31102-life","37750","37435"
"CT13AM-2025-GPJNPJN-GRBFRBF-GWN3WN3-GYOSYOS","Life 1.5 eTSI 130PS 7-Speed DSG 5 Door","31102-life","36950","36635"
"CT13ZY-2025-GPJNPJN-GRBFRBF-GWN3WN3-GYOSYOS","Life 1.5 TSI eHybrid 204PS 6-Speed DSG 5 Door","31102-life","42555","42500"
"CT15PT-2025-GPFBPFB-GPLCPLC-GRBFRBF-GWN3WN3-GWW4WW4-GW87W87-GW89W89-GYOSYOS","Black Edition 2.0 TSI 204PS 7-speed DSG 4Motion 5 Door","31102-black-edition","46605","45455"
"CT15ST-2025-GPFBPFB-GPLCPLC-GRBFRBF-GWN3WN3-GWW4WW4-GW88W88-GW89W89-GYOSYOS","Black Edition 2.0 TSI 265PS 7-speed DSG 4Motion 5 Door","31102-black-edition","49570","47865"
"CT12AM-2025-GPJAPJA-GWN1WN1-GYOSYOS-MAUD9WJ","Tiguan 1.5 eTSI 130PS 7-Speed DSG 5 Door","31102-tiguan","35105","34790"
"CT134Z-2025-GPDAPDA-GPE8PE8-GPJNPJN-GPLAPLA-GRBFRBF-GWN3WN3-GW01W01-GYOSYOS","Match 2.0 TDI 150PS 7-Speed DSG 5 Door","31102-match","39125","38800"
"CT13AM-2025-GPDAPDA-GPE8PE8-GPJNPJN-GPLAPLA-GRBFRBF-GWN3WN3-GW01W01-GYOSYOS","Match 1.5 eTSI 130PS 7-Speed DSG 5 Door","31102-match","37125","36810"
"CT13BM-2025-GPDAPDA-GPE8PE8-GPJNPJN-GPLAPLA-GRBFRBF-GWN3WN3-GW01W01-GYOSYOS","Match 1.5 eTSI 150PS 7-Speed DSG 5 Door","31102-match","37925","37610"
"CT13ZY-2025-GPDAPDA-GPE8PE8-GPJNPJN-GPLAPLA-GRBFRBF-GWN3WN3-GW01W01-GYOSYOS","Match 1.5 TSI eHybrid 204PS 6-Speed DSG 5 Door","31102-match","42730","42675"
"CT15ZY-2025-GPJTPJT-GRBFRBF-GWN3WN3-GWW4WW4-GYOSYOS","R-Line 1.5 TSI eHybrid 204PS 6-Speed DSG 5 Door","31102-r-line","45530","45475"
"CT15ST-2025-GRBFRBF-GWN3WN3-GWW4WW4-GYOSYOS","R-Line 2.0 TSI 265PS 7-speed DSG 4Motion 5 Door","31102-r-line","48570","47420"
"CT154Z-2025-GPJTPJT-GRBFRBF-GWN3WN3-GWW4WW4-GYOSYOS","R-Line 2.0 TDI 150PS 7-Speed DSG 5 Door","31102-r-line","41925","41600"
"CT15BM-2025-GPJTPJT-GRBFRBF-GWN3WN3-GWW4WW4-GYOSYOS","R-Line 1.5 eTSI 150PS 7-Speed DSG 5 Door","31102-r-line","40725","40410"
"CT15PT-2025-GPJTPJT-GRBFRBF-GWN3WN3-GWW4WW4-GYOSYOS","R-Line 2.0 TSI 204PS 7-speed DSG 4Motion 5 Door","31102-r-line","45605","44455"
"CT15YY-2025-GPJTPJT-GRBFRBF-GWN3WN3-GWW4WW4-GYOSYOS","R-Line 1.5 TSI eHybrid 272PS 6-Speed DSG 5 Door","31102-r-line","48250","48195"
"CT14ZY-2025-GPFBPFB-GPJQPJQ-GRBFRBF-GWN3WN3-GYOSYOS","Elegance 1.5 TSI eHybrid 204PS 6-Speed DSG 5 Door","31102-elegance","45125","45070"
"CT14BM-2025-GPFBPFB-GPJQPJQ-GRBFRBF-GWN3WN3-GYOSYOS","Elegance 1.5 eTSI 150PS 7-Speed DSG 5 Door","31102-elegance","40320","40005"
"CT144Z-2025-GPFBPFB-GPJQPJQ-GRBFRBF-GWN3WN3-GYOSYOS","Elegance 2.0 TDI 150PS 7-Speed DSG 5 Door","31102-elegance","41520","41195"